filename,current_label,image_path,correct?_Y/N,correct_label,notes
foggy-001.jpg,cloudy,./data\train\cloudy\foggy-001.jpg,,,
foggy-003.jpg,cloudy,./data\train\cloudy\foggy-003.jpg,,,
foggy-004.jpg,cloudy,./data\train\cloudy\foggy-004.jpg,,,
foggy-006.jpg,cloudy,./data\train\cloudy\foggy-006.jpg,,,
foggy-009.jpg,cloudy,./data\train\cloudy\foggy-009.jpg,,,
foggy-010.jpg,cloudy,./data\train\cloudy\foggy-010.jpg,,,
foggy-011.jpg,cloudy,./data\train\cloudy\foggy-011.jpg,,,
foggy-012.jpg,cloudy,./data\train\cloudy\foggy-012.jpg,,,
foggy-014.jpg,cloudy,./data\train\cloudy\foggy-014.jpg,,,
foggy-015.jpg,cloudy,./data\train\cloudy\foggy-015.jpg,,,
foggy-016.jpg,cloudy,./data\train\cloudy\foggy-016.jpg,,,
foggy-017.jpg,cloudy,./data\train\cloudy\foggy-017.jpg,,,
foggy-018.jpg,cloudy,./data\train\cloudy\foggy-018.jpg,,,
foggy-019.jpg,cloudy,./data\train\cloudy\foggy-019.jpg,,,
foggy-020.jpg,cloudy,./data\train\cloudy\foggy-020.jpg,,,
foggy-022.jpg,cloudy,./data\train\cloudy\foggy-022.jpg,,,
foggy-024.jpg,cloudy,./data\train\cloudy\foggy-024.jpg,,,
foggy-025.jpg,cloudy,./data\train\cloudy\foggy-025.jpg,,,
foggy-026.jpg,cloudy,./data\train\cloudy\foggy-026.jpg,,,
foggy-027.jpg,cloudy,./data\train\cloudy\foggy-027.jpg,,,
foggy-029.jpg,cloudy,./data\train\cloudy\foggy-029.jpg,,,
foggy-031.jpg,cloudy,./data\train\cloudy\foggy-031.jpg,,,
foggy-033.jpg,cloudy,./data\train\cloudy\foggy-033.jpg,,,
foggy-034.jpg,cloudy,./data\train\cloudy\foggy-034.jpg,,,
foggy-035.jpg,cloudy,./data\train\cloudy\foggy-035.jpg,,,
foggy-036.jpg,cloudy,./data\train\cloudy\foggy-036.jpg,,,
foggy-038.jpg,cloudy,./data\train\cloudy\foggy-038.jpg,,,
foggy-040.jpg,cloudy,./data\train\cloudy\foggy-040.jpg,,,
foggy-041.jpg,cloudy,./data\train\cloudy\foggy-041.jpg,,,
foggy-044.jpg,cloudy,./data\train\cloudy\foggy-044.jpg,,,
foggy-045.jpg,cloudy,./data\train\cloudy\foggy-045.jpg,,,
foggy-046.jpg,cloudy,./data\train\cloudy\foggy-046.jpg,,,
foggy-047.jpg,cloudy,./data\train\cloudy\foggy-047.jpg,,,
foggy-048.jpg,cloudy,./data\train\cloudy\foggy-048.jpg,,,
foggy-049.jpg,cloudy,./data\train\cloudy\foggy-049.jpg,,,
foggy-050.jpg,cloudy,./data\train\cloudy\foggy-050.jpg,,,
foggy-051.jpg,cloudy,./data\train\cloudy\foggy-051.jpg,,,
foggy-053.jpg,cloudy,./data\train\cloudy\foggy-053.jpg,,,
foggy-056.jpg,cloudy,./data\train\cloudy\foggy-056.jpg,,,
foggy-057.jpg,cloudy,./data\train\cloudy\foggy-057.jpg,,,
foggy-058.jpg,cloudy,./data\train\cloudy\foggy-058.jpg,,,
foggy-059.jpg,cloudy,./data\train\cloudy\foggy-059.jpg,,,
foggy-060.jpg,cloudy,./data\train\cloudy\foggy-060.jpg,,,
foggy-061.jpg,cloudy,./data\train\cloudy\foggy-061.jpg,,,
foggy-063.jpg,cloudy,./data\train\cloudy\foggy-063.jpg,,,
foggy-064.jpg,cloudy,./data\train\cloudy\foggy-064.jpg,,,
foggy-065.jpg,cloudy,./data\train\cloudy\foggy-065.jpg,,,
foggy-066.jpg,cloudy,./data\train\cloudy\foggy-066.jpg,,,
foggy-067.jpg,cloudy,./data\train\cloudy\foggy-067.jpg,,,
foggy-068.jpg,cloudy,./data\train\cloudy\foggy-068.jpg,,,
foggy-069.jpg,cloudy,./data\train\cloudy\foggy-069.jpg,,,
foggy-070.jpg,cloudy,./data\train\cloudy\foggy-070.jpg,,,
foggy-072.jpg,cloudy,./data\train\cloudy\foggy-072.jpg,,,
foggy-073.jpg,cloudy,./data\train\cloudy\foggy-073.jpg,,,
foggy-074.jpg,cloudy,./data\train\cloudy\foggy-074.jpg,,,
foggy-075.jpg,cloudy,./data\train\cloudy\foggy-075.jpg,,,
foggy-076.jpg,cloudy,./data\train\cloudy\foggy-076.jpg,,,
foggy-077.jpg,cloudy,./data\train\cloudy\foggy-077.jpg,,,
foggy-078.jpg,cloudy,./data\train\cloudy\foggy-078.jpg,,,
foggy-079.jpg,cloudy,./data\train\cloudy\foggy-079.jpg,,,
foggy-080.jpg,cloudy,./data\train\cloudy\foggy-080.jpg,,,
foggy-083.jpg,cloudy,./data\train\cloudy\foggy-083.jpg,,,
foggy-084.jpg,cloudy,./data\train\cloudy\foggy-084.jpg,,,
foggy-085.jpg,cloudy,./data\train\cloudy\foggy-085.jpg,,,
foggy-086.jpg,cloudy,./data\train\cloudy\foggy-086.jpg,,,
foggy-087.jpg,cloudy,./data\train\cloudy\foggy-087.jpg,,,
foggy-088.jpg,cloudy,./data\train\cloudy\foggy-088.jpg,,,
foggy-089.jpg,cloudy,./data\train\cloudy\foggy-089.jpg,,,
foggy-090.jpg,cloudy,./data\train\cloudy\foggy-090.jpg,,,
foggy-091.jpg,cloudy,./data\train\cloudy\foggy-091.jpg,,,
foggy-092.jpg,cloudy,./data\train\cloudy\foggy-092.jpg,,,
foggy-093.jpg,cloudy,./data\train\cloudy\foggy-093.jpg,,,
foggy-094.jpg,cloudy,./data\train\cloudy\foggy-094.jpg,,,
foggy-096.jpg,cloudy,./data\train\cloudy\foggy-096.jpg,,,
foggy-097.jpg,cloudy,./data\train\cloudy\foggy-097.jpg,,,
foggy-099.jpg,cloudy,./data\train\cloudy\foggy-099.jpg,,,
foggy-100.jpg,cloudy,./data\train\cloudy\foggy-100.jpg,,,
foggy-102.jpg,cloudy,./data\train\cloudy\foggy-102.jpg,,,
foggy-103.jpg,cloudy,./data\train\cloudy\foggy-103.jpg,,,
foggy-104.jpg,cloudy,./data\train\cloudy\foggy-104.jpg,,,
foggy-105.jpg,cloudy,./data\train\cloudy\foggy-105.jpg,,,
foggy-106.jpg,cloudy,./data\train\cloudy\foggy-106.jpg,,,
foggy-107.jpg,cloudy,./data\train\cloudy\foggy-107.jpg,,,
foggy-108.jpg,cloudy,./data\train\cloudy\foggy-108.jpg,,,
foggy-109.jpg,cloudy,./data\train\cloudy\foggy-109.jpg,,,
foggy-112.jpg,cloudy,./data\train\cloudy\foggy-112.jpg,,,
foggy-113.jpg,cloudy,./data\train\cloudy\foggy-113.jpg,,,
haze-002.jpg,cloudy,./data\train\cloudy\haze-002.jpg,,,
haze-006.jpg,cloudy,./data\train\cloudy\haze-006.jpg,,,
haze-007.jpg,cloudy,./data\train\cloudy\haze-007.jpg,,,
haze-009.jpg,cloudy,./data\train\cloudy\haze-009.jpg,,,
haze-010.jpg,cloudy,./data\train\cloudy\haze-010.jpg,,,
haze-011.jpg,cloudy,./data\train\cloudy\haze-011.jpg,,,
haze-013.jpg,cloudy,./data\train\cloudy\haze-013.jpg,,,
haze-018.jpg,cloudy,./data\train\cloudy\haze-018.jpg,,,
haze-019.jpg,cloudy,./data\train\cloudy\haze-019.jpg,,,
haze-020.jpg,cloudy,./data\train\cloudy\haze-020.jpg,,,
haze-021.jpg,cloudy,./data\train\cloudy\haze-021.jpg,,,
haze-023.jpg,cloudy,./data\train\cloudy\haze-023.jpg,,,
haze-024.jpg,cloudy,./data\train\cloudy\haze-024.jpg,,,
haze-027.jpg,cloudy,./data\train\cloudy\haze-027.jpg,,,
haze-028.jpg,cloudy,./data\train\cloudy\haze-028.jpg,,,
haze-029.jpg,cloudy,./data\train\cloudy\haze-029.jpg,,,
haze-030.jpg,cloudy,./data\train\cloudy\haze-030.jpg,,,
haze-031.jpg,cloudy,./data\train\cloudy\haze-031.jpg,,,
haze-032.jpg,cloudy,./data\train\cloudy\haze-032.jpg,,,
haze-033.jpg,cloudy,./data\train\cloudy\haze-033.jpg,,,
haze-036.jpg,cloudy,./data\train\cloudy\haze-036.jpg,,,
haze-037.jpg,cloudy,./data\train\cloudy\haze-037.jpg,,,
haze-039.jpg,cloudy,./data\train\cloudy\haze-039.jpg,,,
haze-040.jpg,cloudy,./data\train\cloudy\haze-040.jpg,,,
haze-041.jpg,cloudy,./data\train\cloudy\haze-041.jpg,,,
haze-042.jpg,cloudy,./data\train\cloudy\haze-042.jpg,,,
haze-043.jpg,cloudy,./data\train\cloudy\haze-043.jpg,,,
haze-045.jpg,cloudy,./data\train\cloudy\haze-045.jpg,,,
haze-046.jpg,cloudy,./data\train\cloudy\haze-046.jpg,,,
haze-048.jpg,cloudy,./data\train\cloudy\haze-048.jpg,,,
haze-049.jpg,cloudy,./data\train\cloudy\haze-049.jpg,,,
haze-051.jpg,cloudy,./data\train\cloudy\haze-051.jpg,,,
haze-053.jpg,cloudy,./data\train\cloudy\haze-053.jpg,,,
haze-054.jpg,cloudy,./data\train\cloudy\haze-054.jpg,,,
haze-056.jpg,cloudy,./data\train\cloudy\haze-056.jpg,,,
haze-057.jpg,cloudy,./data\train\cloudy\haze-057.jpg,,,
haze-058.jpg,cloudy,./data\train\cloudy\haze-058.jpg,,,
haze-059.jpg,cloudy,./data\train\cloudy\haze-059.jpg,,,
haze-060.jpg,cloudy,./data\train\cloudy\haze-060.jpg,,,
haze-063.jpg,cloudy,./data\train\cloudy\haze-063.jpg,,,
haze-064.jpg,cloudy,./data\train\cloudy\haze-064.jpg,,,
haze-065.jpg,cloudy,./data\train\cloudy\haze-065.jpg,,,
haze-066.jpg,cloudy,./data\train\cloudy\haze-066.jpg,,,
haze-069.jpg,cloudy,./data\train\cloudy\haze-069.jpg,,,
haze-071.jpg,cloudy,./data\train\cloudy\haze-071.jpg,,,
haze-072.jpg,cloudy,./data\train\cloudy\haze-072.jpg,,,
haze-074.jpg,cloudy,./data\train\cloudy\haze-074.jpg,,,
haze-075.jpg,cloudy,./data\train\cloudy\haze-075.jpg,,,
haze-077.jpg,cloudy,./data\train\cloudy\haze-077.jpg,,,
haze-078.jpg,cloudy,./data\train\cloudy\haze-078.jpg,,,
haze-080.jpg,cloudy,./data\train\cloudy\haze-080.jpg,,,
haze-081.jpg,cloudy,./data\train\cloudy\haze-081.jpg,,,
haze-082.jpg,cloudy,./data\train\cloudy\haze-082.jpg,,,
haze-083.jpg,cloudy,./data\train\cloudy\haze-083.jpg,,,
haze-084.jpg,cloudy,./data\train\cloudy\haze-084.jpg,,,
haze-085.jpg,cloudy,./data\train\cloudy\haze-085.jpg,,,
haze-087.jpg,cloudy,./data\train\cloudy\haze-087.jpg,,,
haze-088.jpg,cloudy,./data\train\cloudy\haze-088.jpg,,,
haze-090.jpg,cloudy,./data\train\cloudy\haze-090.jpg,,,
haze-091.jpg,cloudy,./data\train\cloudy\haze-091.jpg,,,
haze-092.jpg,cloudy,./data\train\cloudy\haze-092.jpg,,,
haze-093.jpg,cloudy,./data\train\cloudy\haze-093.jpg,,,
haze-094.jpg,cloudy,./data\train\cloudy\haze-094.jpg,,,
haze-096.jpg,cloudy,./data\train\cloudy\haze-096.jpg,,,
haze-097.jpg,cloudy,./data\train\cloudy\haze-097.jpg,,,
haze-098.jpg,cloudy,./data\train\cloudy\haze-098.jpg,,,
haze-099.jpg,cloudy,./data\train\cloudy\haze-099.jpg,,,
haze-100.jpg,cloudy,./data\train\cloudy\haze-100.jpg,,,
haze-101.jpg,cloudy,./data\train\cloudy\haze-101.jpg,,,
haze-102.jpg,cloudy,./data\train\cloudy\haze-102.jpg,,,
haze-105.jpg,cloudy,./data\train\cloudy\haze-105.jpg,,,
haze-109.jpg,cloudy,./data\train\cloudy\haze-109.jpg,,,
haze-110.jpg,cloudy,./data\train\cloudy\haze-110.jpg,,,
haze-111.jpg,cloudy,./data\train\cloudy\haze-111.jpg,,,
haze-112.jpg,cloudy,./data\train\cloudy\haze-112.jpg,,,
haze-115.jpg,cloudy,./data\train\cloudy\haze-115.jpg,,,
haze-119.jpg,cloudy,./data\train\cloudy\haze-119.jpg,,,
haze-120.jpg,cloudy,./data\train\cloudy\haze-120.jpg,,,
haze-121.jpg,cloudy,./data\train\cloudy\haze-121.jpg,,,
haze-122.jpg,cloudy,./data\train\cloudy\haze-122.jpg,,,
haze-124.jpg,cloudy,./data\train\cloudy\haze-124.jpg,,,
haze-126.jpg,cloudy,./data\train\cloudy\haze-126.jpg,,,
haze-128.jpg,cloudy,./data\train\cloudy\haze-128.jpg,,,
haze-132.jpg,cloudy,./data\train\cloudy\haze-132.jpg,,,
haze-135.jpg,cloudy,./data\train\cloudy\haze-135.jpg,,,
haze-136.jpg,cloudy,./data\train\cloudy\haze-136.jpg,,,
haze-139.jpg,cloudy,./data\train\cloudy\haze-139.jpg,,,
haze-141.jpg,cloudy,./data\train\cloudy\haze-141.jpg,,,
haze-142.jpg,cloudy,./data\train\cloudy\haze-142.jpg,,,
haze-145.jpg,cloudy,./data\train\cloudy\haze-145.jpg,,,
haze-148.jpg,cloudy,./data\train\cloudy\haze-148.jpg,,,
haze-149.jpg,cloudy,./data\train\cloudy\haze-149.jpg,,,
haze-150.jpg,cloudy,./data\train\cloudy\haze-150.jpg,,,
mist-001.jpg,cloudy,./data\train\cloudy\mist-001.jpg,,,
mist-002.jpg,cloudy,./data\train\cloudy\mist-002.jpg,,,
mist-009.jpg,cloudy,./data\train\cloudy\mist-009.jpg,,,
mist-013.jpg,cloudy,./data\train\cloudy\mist-013.jpg,,,
mist-015.jpg,cloudy,./data\train\cloudy\mist-015.jpg,,,
mist-020.jpg,cloudy,./data\train\cloudy\mist-020.jpg,,,
mist-021.jpg,cloudy,./data\train\cloudy\mist-021.jpg,,,
mist-023.jpg,cloudy,./data\train\cloudy\mist-023.jpg,,,
mist-024.jpg,cloudy,./data\train\cloudy\mist-024.jpg,,,
mist-027.jpg,cloudy,./data\train\cloudy\mist-027.jpg,,,
mist-033.jpg,cloudy,./data\train\cloudy\mist-033.jpg,,,
mist-035.jpg,cloudy,./data\train\cloudy\mist-035.jpg,,,
mist-039.jpg,cloudy,./data\train\cloudy\mist-039.jpg,,,
mist-041.jpg,cloudy,./data\train\cloudy\mist-041.jpg,,,
mist-042.jpg,cloudy,./data\train\cloudy\mist-042.jpg,,,
mist-043.jpg,cloudy,./data\train\cloudy\mist-043.jpg,,,
mist-048.jpg,cloudy,./data\train\cloudy\mist-048.jpg,,,
mist-049.jpg,cloudy,./data\train\cloudy\mist-049.jpg,,,
mist-053.jpg,cloudy,./data\train\cloudy\mist-053.jpg,,,
mist-057.jpg,cloudy,./data\train\cloudy\mist-057.jpg,,,
mist-062.jpg,cloudy,./data\train\cloudy\mist-062.jpg,,,
mist-063.jpg,cloudy,./data\train\cloudy\mist-063.jpg,,,
mist-064.jpg,cloudy,./data\train\cloudy\mist-064.jpg,,,
mist-074.jpg,cloudy,./data\train\cloudy\mist-074.jpg,,,
mist-075.jpg,cloudy,./data\train\cloudy\mist-075.jpg,,,
mist-080.jpg,cloudy,./data\train\cloudy\mist-080.jpg,,,
mist-084.jpg,cloudy,./data\train\cloudy\mist-084.jpg,,,
mist-088.jpg,cloudy,./data\train\cloudy\mist-088.jpg,,,
mist-098.jpg,cloudy,./data\train\cloudy\mist-098.jpg,,,
mist-101.jpg,cloudy,./data\train\cloudy\mist-101.jpg,,,
mist-109.jpg,cloudy,./data\train\cloudy\mist-109.jpg,,,
mist-110.jpg,cloudy,./data\train\cloudy\mist-110.jpg,,,
mist-111.jpg,cloudy,./data\train\cloudy\mist-111.jpg,,,
mist-114.jpg,cloudy,./data\train\cloudy\mist-114.jpg,,,
mist-115.jpg,cloudy,./data\train\cloudy\mist-115.jpg,,,
mist-117.jpg,cloudy,./data\train\cloudy\mist-117.jpg,,,
mist-121.jpg,cloudy,./data\train\cloudy\mist-121.jpg,,,
mist-122.jpg,cloudy,./data\train\cloudy\mist-122.jpg,,,
mist-123.jpg,cloudy,./data\train\cloudy\mist-123.jpg,,,
mist-124.jpg,cloudy,./data\train\cloudy\mist-124.jpg,,,
mist-133.jpg,cloudy,./data\train\cloudy\mist-133.jpg,,,
mist-137.jpg,cloudy,./data\train\cloudy\mist-137.jpg,,,
mist-140.jpg,cloudy,./data\train\cloudy\mist-140.jpg,,,
mist-141.jpg,cloudy,./data\train\cloudy\mist-141.jpg,,,
mist-142.jpg,cloudy,./data\train\cloudy\mist-142.jpg,,,
mist-143.jpg,cloudy,./data\train\cloudy\mist-143.jpg,,,
mist-145.jpg,cloudy,./data\train\cloudy\mist-145.jpg,,,
mist-147.jpg,cloudy,./data\train\cloudy\mist-147.jpg,,,
mist-150.jpg,cloudy,./data\train\cloudy\mist-150.jpg,,,
mist-152.jpg,cloudy,./data\train\cloudy\mist-152.jpg,,,
mist-158.jpg,cloudy,./data\train\cloudy\mist-158.jpg,,,
mist-161.jpg,cloudy,./data\train\cloudy\mist-161.jpg,,,
mist-163.jpg,cloudy,./data\train\cloudy\mist-163.jpg,,,
mist-168.jpg,cloudy,./data\train\cloudy\mist-168.jpg,,,
mist-180.jpg,cloudy,./data\train\cloudy\mist-180.jpg,,,
mist-189.jpg,cloudy,./data\train\cloudy\mist-189.jpg,,,
mist-190.jpg,cloudy,./data\train\cloudy\mist-190.jpg,,,
mist-938.jpg,cloudy,./data\train\cloudy\mist-938.jpg,,,
mist-966.jpg,cloudy,./data\train\cloudy\mist-966.jpg,,,
mist-971.jpg,cloudy,./data\train\cloudy\mist-971.jpg,,,
rain_storm-001.jpg,rainy,./data\train\rainy\rain_storm-001.jpg,,,
rain_storm-002.jpg,rainy,./data\train\rainy\rain_storm-002.jpg,,,
rain_storm-003.jpg,rainy,./data\train\rainy\rain_storm-003.jpg,,,
rain_storm-005.jpg,rainy,./data\train\rainy\rain_storm-005.jpg,,,
rain_storm-006.jpg,rainy,./data\train\rainy\rain_storm-006.jpg,,,
rain_storm-007.jpg,rainy,./data\train\rainy\rain_storm-007.jpg,,,
rain_storm-010.jpg,rainy,./data\train\rainy\rain_storm-010.jpg,,,
rain_storm-011.jpg,rainy,./data\train\rainy\rain_storm-011.jpg,,,
rain_storm-012.jpg,rainy,./data\train\rainy\rain_storm-012.jpg,,,
rain_storm-013.jpg,rainy,./data\train\rainy\rain_storm-013.jpg,,,
rain_storm-014.jpg,rainy,./data\train\rainy\rain_storm-014.jpg,,,
rain_storm-015.jpg,rainy,./data\train\rainy\rain_storm-015.jpg,,,
rain_storm-016.jpg,rainy,./data\train\rainy\rain_storm-016.jpg,,,
rain_storm-017.jpg,rainy,./data\train\rainy\rain_storm-017.jpg,,,
rain_storm-018.jpg,rainy,./data\train\rainy\rain_storm-018.jpg,,,
rain_storm-019.jpg,rainy,./data\train\rainy\rain_storm-019.jpg,,,
rain_storm-020.jpg,rainy,./data\train\rainy\rain_storm-020.jpg,,,
rain_storm-022.jpg,rainy,./data\train\rainy\rain_storm-022.jpg,,,
rain_storm-026.jpg,rainy,./data\train\rainy\rain_storm-026.jpg,,,
rain_storm-030.jpg,rainy,./data\train\rainy\rain_storm-030.jpg,,,
rain_storm-042.jpg,rainy,./data\train\rainy\rain_storm-042.jpg,,,
rain_storm-046.jpg,rainy,./data\train\rainy\rain_storm-046.jpg,,,
rain_storm-062.jpg,rainy,./data\train\rainy\rain_storm-062.jpg,,,
rain_storm-066.jpg,rainy,./data\train\rainy\rain_storm-066.jpg,,,
rain_storm-070.jpg,rainy,./data\train\rainy\rain_storm-070.jpg,,,
rain_storm-074.jpg,rainy,./data\train\rainy\rain_storm-074.jpg,,,
rain_storm-078.jpg,rainy,./data\train\rainy\rain_storm-078.jpg,,,
rain_storm-082.jpg,rainy,./data\train\rainy\rain_storm-082.jpg,,,
rain_storm-086.jpg,rainy,./data\train\rainy\rain_storm-086.jpg,,,
rain_storm-094.jpg,rainy,./data\train\rainy\rain_storm-094.jpg,,,
rain_storm-105.jpg,rainy,./data\train\rainy\rain_storm-105.jpg,,,
rain_storm-106.jpg,rainy,./data\train\rainy\rain_storm-106.jpg,,,
rain_storm-114.jpg,rainy,./data\train\rainy\rain_storm-114.jpg,,,
rain_storm-118.jpg,rainy,./data\train\rainy\rain_storm-118.jpg,,,
rain_storm-126.jpg,rainy,./data\train\rainy\rain_storm-126.jpg,,,
rain_storm-130.jpg,rainy,./data\train\rainy\rain_storm-130.jpg,,,
rain_storm-134.jpg,rainy,./data\train\rainy\rain_storm-134.jpg,,,
rain_storm-138.jpg,rainy,./data\train\rainy\rain_storm-138.jpg,,,
rain_storm-142.jpg,rainy,./data\train\rainy\rain_storm-142.jpg,,,
rain_storm-146.jpg,rainy,./data\train\rainy\rain_storm-146.jpg,,,
rain_storm-150.jpg,rainy,./data\train\rainy\rain_storm-150.jpg,,,
rain_storm-154.jpg,rainy,./data\train\rainy\rain_storm-154.jpg,,,
rain_storm-162.jpg,rainy,./data\train\rainy\rain_storm-162.jpg,,,
rain_storm-168.jpg,rainy,./data\train\rainy\rain_storm-168.jpg,,,
rain_storm-172.jpg,rainy,./data\train\rainy\rain_storm-172.jpg,,,
rain_storm-176.jpg,rainy,./data\train\rainy\rain_storm-176.jpg,,,
rain_storm-186.jpg,rainy,./data\train\rainy\rain_storm-186.jpg,,,
rain_storm-191.jpg,rainy,./data\train\rainy\rain_storm-191.jpg,,,
rain_storm-195.jpg,rainy,./data\train\rainy\rain_storm-195.jpg,,,
rain_storm-199.jpg,rainy,./data\train\rainy\rain_storm-199.jpg,,,
rain_storm-203.jpg,rainy,./data\train\rainy\rain_storm-203.jpg,,,
rain_storm-207.jpg,rainy,./data\train\rainy\rain_storm-207.jpg,,,
rain_storm-219.jpg,rainy,./data\train\rainy\rain_storm-219.jpg,,,
rain_storm-225.jpg,rainy,./data\train\rainy\rain_storm-225.jpg,,,
rain_storm-229.jpg,rainy,./data\train\rainy\rain_storm-229.jpg,,,
rain_storm-233.jpg,rainy,./data\train\rainy\rain_storm-233.jpg,,,
rain_storm-237.jpg,rainy,./data\train\rainy\rain_storm-237.jpg,,,
rain_storm-241.jpg,rainy,./data\train\rainy\rain_storm-241.jpg,,,
rain_storm-245.jpg,rainy,./data\train\rainy\rain_storm-245.jpg,,,
rain_storm-253.jpg,rainy,./data\train\rainy\rain_storm-253.jpg,,,
rain_storm-257.jpg,rainy,./data\train\rainy\rain_storm-257.jpg,,,
rain_storm-261.jpg,rainy,./data\train\rainy\rain_storm-261.jpg,,,
rain_storm-265.jpg,rainy,./data\train\rainy\rain_storm-265.jpg,,,
rain_storm-273.jpg,rainy,./data\train\rainy\rain_storm-273.jpg,,,
rain_storm-277.jpg,rainy,./data\train\rainy\rain_storm-277.jpg,,,
rain_storm-283.jpg,rainy,./data\train\rainy\rain_storm-283.jpg,,,
rain_storm-289.jpg,rainy,./data\train\rainy\rain_storm-289.jpg,,,
rain_storm-297.jpg,rainy,./data\train\rainy\rain_storm-297.jpg,,,
rain_storm-301.jpg,rainy,./data\train\rainy\rain_storm-301.jpg,,,
rain_storm-311.jpg,rainy,./data\train\rainy\rain_storm-311.jpg,,,
rain_storm-315.jpg,rainy,./data\train\rainy\rain_storm-315.jpg,,,
rain_storm-319.jpg,rainy,./data\train\rainy\rain_storm-319.jpg,,,
rain_storm-323.jpg,rainy,./data\train\rainy\rain_storm-323.jpg,,,
rain_storm-327.jpg,rainy,./data\train\rainy\rain_storm-327.jpg,,,
rain_storm-339.jpg,rainy,./data\train\rainy\rain_storm-339.jpg,,,
rain_storm-343.jpg,rainy,./data\train\rainy\rain_storm-343.jpg,,,
rain_storm-351.jpg,rainy,./data\train\rainy\rain_storm-351.jpg,,,
rain_storm-355.jpg,rainy,./data\train\rainy\rain_storm-355.jpg,,,
rain_storm-361.jpg,rainy,./data\train\rainy\rain_storm-361.jpg,,,
rain_storm-365.jpg,rainy,./data\train\rainy\rain_storm-365.jpg,,,
rain_storm-381.jpg,rainy,./data\train\rainy\rain_storm-381.jpg,,,
rain_storm-385.jpg,rainy,./data\train\rainy\rain_storm-385.jpg,,,
rain_storm-391.jpg,rainy,./data\train\rainy\rain_storm-391.jpg,,,
rain_storm-395.jpg,rainy,./data\train\rainy\rain_storm-395.jpg,,,
rain_storm-399.jpg,rainy,./data\train\rainy\rain_storm-399.jpg,,,
rain_storm-403.jpg,rainy,./data\train\rainy\rain_storm-403.jpg,,,
rain_storm-419.jpg,rainy,./data\train\rainy\rain_storm-419.jpg,,,
rain_storm-423.jpg,rainy,./data\train\rainy\rain_storm-423.jpg,,,
rain_storm-435.jpg,rainy,./data\train\rainy\rain_storm-435.jpg,,,
rain_storm-439.jpg,rainy,./data\train\rainy\rain_storm-439.jpg,,,
rain_storm-443.jpg,rainy,./data\train\rainy\rain_storm-443.jpg,,,
rain_storm-450.jpg,rainy,./data\train\rainy\rain_storm-450.jpg,,,
rain_storm-454.jpg,rainy,./data\train\rainy\rain_storm-454.jpg,,,
rain_storm-458.jpg,rainy,./data\train\rainy\rain_storm-458.jpg,,,
rain_storm-462.jpg,rainy,./data\train\rainy\rain_storm-462.jpg,,,
rain_storm-466.jpg,rainy,./data\train\rainy\rain_storm-466.jpg,,,
rain_storm-475.jpg,rainy,./data\train\rainy\rain_storm-475.jpg,,,
rain_storm-481.jpg,rainy,./data\train\rainy\rain_storm-481.jpg,,,
rain_storm-485.jpg,rainy,./data\train\rainy\rain_storm-485.jpg,,,
rain_storm-493.jpg,rainy,./data\train\rainy\rain_storm-493.jpg,,,
rain_storm-497.jpg,rainy,./data\train\rainy\rain_storm-497.jpg,,,
rain_storm-501.jpg,rainy,./data\train\rainy\rain_storm-501.jpg,,,
rain_storm-519.jpg,rainy,./data\train\rainy\rain_storm-519.jpg,,,
rain_storm-523.jpg,rainy,./data\train\rainy\rain_storm-523.jpg,,,
rain_storm-527.jpg,rainy,./data\train\rainy\rain_storm-527.jpg,,,
rain_storm-549.jpg,rainy,./data\train\rainy\rain_storm-549.jpg,,,
rain_storm-553.jpg,rainy,./data\train\rainy\rain_storm-553.jpg,,,
rain_storm-563.jpg,rainy,./data\train\rainy\rain_storm-563.jpg,,,
rain_storm-568.jpg,rainy,./data\train\rainy\rain_storm-568.jpg,,,
rain_storm-572.jpg,rainy,./data\train\rainy\rain_storm-572.jpg,,,
rain_storm-576.jpg,rainy,./data\train\rainy\rain_storm-576.jpg,,,
rain_storm-580.jpg,rainy,./data\train\rainy\rain_storm-580.jpg,,,
rain_storm-589.jpg,rainy,./data\train\rainy\rain_storm-589.jpg,,,
rain_storm-597.jpg,rainy,./data\train\rainy\rain_storm-597.jpg,,,
rain_storm-601.jpg,rainy,./data\train\rainy\rain_storm-601.jpg,,,
rain_storm-605.jpg,rainy,./data\train\rainy\rain_storm-605.jpg,,,
rain_storm-610.jpg,rainy,./data\train\rainy\rain_storm-610.jpg,,,
rain_storm-614.jpg,rainy,./data\train\rainy\rain_storm-614.jpg,,,
rain_storm-622.jpg,rainy,./data\train\rainy\rain_storm-622.jpg,,,
rain_storm-626.jpg,rainy,./data\train\rainy\rain_storm-626.jpg,,,
rain_storm-630.jpg,rainy,./data\train\rainy\rain_storm-630.jpg,,,
rain_storm-634.jpg,rainy,./data\train\rainy\rain_storm-634.jpg,,,
rain_storm-638.jpg,rainy,./data\train\rainy\rain_storm-638.jpg,,,
rain_storm-642.jpg,rainy,./data\train\rainy\rain_storm-642.jpg,,,
rain_storm-646.jpg,rainy,./data\train\rainy\rain_storm-646.jpg,,,
rain_storm-658.jpg,rainy,./data\train\rainy\rain_storm-658.jpg,,,
rain_storm-662.jpg,rainy,./data\train\rainy\rain_storm-662.jpg,,,
rain_storm-667.jpg,rainy,./data\train\rainy\rain_storm-667.jpg,,,
rain_storm-676.jpg,rainy,./data\train\rainy\rain_storm-676.jpg,,,
rain_storm-681.jpg,rainy,./data\train\rainy\rain_storm-681.jpg,,,
rain_storm-685.jpg,rainy,./data\train\rainy\rain_storm-685.jpg,,,
rain_storm-688.jpg,rainy,./data\train\rainy\rain_storm-688.jpg,,,
rain_storm-692.jpg,rainy,./data\train\rainy\rain_storm-692.jpg,,,
rain_storm-708.jpg,rainy,./data\train\rainy\rain_storm-708.jpg,,,
rain_storm-720.jpg,rainy,./data\train\rainy\rain_storm-720.jpg,,,
rain_storm-732.jpg,rainy,./data\train\rainy\rain_storm-732.jpg,,,
rain_storm-736.jpg,rainy,./data\train\rainy\rain_storm-736.jpg,,,
rain_storm-740.jpg,rainy,./data\train\rainy\rain_storm-740.jpg,,,
rain_storm-744.jpg,rainy,./data\train\rainy\rain_storm-744.jpg,,,
rain_storm-748.jpg,rainy,./data\train\rainy\rain_storm-748.jpg,,,
rain_storm-766.jpg,rainy,./data\train\rainy\rain_storm-766.jpg,,,
rain_storm-775.jpg,rainy,./data\train\rainy\rain_storm-775.jpg,,,
rain_storm-779.jpg,rainy,./data\train\rainy\rain_storm-779.jpg,,,
rain_storm-783.jpg,rainy,./data\train\rainy\rain_storm-783.jpg,,,
rain_storm-787.jpg,rainy,./data\train\rainy\rain_storm-787.jpg,,,
rain_storm-789.jpg,rainy,./data\train\rainy\rain_storm-789.jpg,,,
rain_storm-807.jpg,rainy,./data\train\rainy\rain_storm-807.jpg,,,
rain_storm-811.jpg,rainy,./data\train\rainy\rain_storm-811.jpg,,,
rain_storm-815.jpg,rainy,./data\train\rainy\rain_storm-815.jpg,,,
rain_storm-823.jpg,rainy,./data\train\rainy\rain_storm-823.jpg,,,
rain_storm-835.jpg,rainy,./data\train\rainy\rain_storm-835.jpg,,,
rain_storm-839.jpg,rainy,./data\train\rainy\rain_storm-839.jpg,,,
rain_storm-843.jpg,rainy,./data\train\rainy\rain_storm-843.jpg,,,
rain_storm-847.jpg,rainy,./data\train\rainy\rain_storm-847.jpg,,,
rain_storm-851.jpg,rainy,./data\train\rainy\rain_storm-851.jpg,,,
rain_storm-855.jpg,rainy,./data\train\rainy\rain_storm-855.jpg,,,
rain_storm-859.jpg,rainy,./data\train\rainy\rain_storm-859.jpg,,,
rain_storm-863.jpg,rainy,./data\train\rainy\rain_storm-863.jpg,,,
rain_storm-981.jpg,rainy,./data\train\rainy\rain_storm-981.jpg,,,
rain_storm-985.jpg,rainy,./data\train\rainy\rain_storm-985.jpg,,,
snow_storm-001.jpg,snowy,./data\train\snowy\snow_storm-001.jpg,,,
snow_storm-004.jpg,snowy,./data\train\snowy\snow_storm-004.jpg,,,
snow_storm-005.jpg,snowy,./data\train\snowy\snow_storm-005.jpg,,,
snow_storm-007.jpg,snowy,./data\train\snowy\snow_storm-007.jpg,,,
snow_storm-008.jpg,snowy,./data\train\snowy\snow_storm-008.jpg,,,
snow_storm-009.jpg,snowy,./data\train\snowy\snow_storm-009.jpg,,,
snow_storm-010.jpg,snowy,./data\train\snowy\snow_storm-010.jpg,,,
snow_storm-011.jpg,snowy,./data\train\snowy\snow_storm-011.jpg,,,
snow_storm-012.jpg,snowy,./data\train\snowy\snow_storm-012.jpg,,,
snow_storm-013.jpg,snowy,./data\train\snowy\snow_storm-013.jpg,,,
snow_storm-014.jpg,snowy,./data\train\snowy\snow_storm-014.jpg,,,
snow_storm-016.jpg,snowy,./data\train\snowy\snow_storm-016.jpg,,,
snow_storm-017.jpg,snowy,./data\train\snowy\snow_storm-017.jpg,,,
snow_storm-019.jpg,snowy,./data\train\snowy\snow_storm-019.jpg,,,
snow_storm-020.jpg,snowy,./data\train\snowy\snow_storm-020.jpg,,,
snow_storm-021.jpg,snowy,./data\train\snowy\snow_storm-021.jpg,,,
snow_storm-022.jpg,snowy,./data\train\snowy\snow_storm-022.jpg,,,
snow_storm-024.jpg,snowy,./data\train\snowy\snow_storm-024.jpg,,,
snow_storm-025.jpg,snowy,./data\train\snowy\snow_storm-025.jpg,,,
snow_storm-027.jpg,snowy,./data\train\snowy\snow_storm-027.jpg,,,
snow_storm-028.jpg,snowy,./data\train\snowy\snow_storm-028.jpg,,,
snow_storm-029.jpg,snowy,./data\train\snowy\snow_storm-029.jpg,,,
snow_storm-040.jpg,snowy,./data\train\snowy\snow_storm-040.jpg,,,
snow_storm-041.jpg,snowy,./data\train\snowy\snow_storm-041.jpg,,,
snow_storm-043.jpg,snowy,./data\train\snowy\snow_storm-043.jpg,,,
snow_storm-044.jpg,snowy,./data\train\snowy\snow_storm-044.jpg,,,
snow_storm-045.jpg,snowy,./data\train\snowy\snow_storm-045.jpg,,,
snow_storm-046.jpg,snowy,./data\train\snowy\snow_storm-046.jpg,,,
snow_storm-047.jpg,snowy,./data\train\snowy\snow_storm-047.jpg,,,
snow_storm-049.jpg,snowy,./data\train\snowy\snow_storm-049.jpg,,,
snow_storm-050.jpg,snowy,./data\train\snowy\snow_storm-050.jpg,,,
snow_storm-051.jpg,snowy,./data\train\snowy\snow_storm-051.jpg,,,
snow_storm-052.jpg,snowy,./data\train\snowy\snow_storm-052.jpg,,,
snow_storm-054.jpg,snowy,./data\train\snowy\snow_storm-054.jpg,,,
snow_storm-059.jpg,snowy,./data\train\snowy\snow_storm-059.jpg,,,
snow_storm-061.jpg,snowy,./data\train\snowy\snow_storm-061.jpg,,,
snow_storm-062.jpg,snowy,./data\train\snowy\snow_storm-062.jpg,,,
snow_storm-063.jpg,snowy,./data\train\snowy\snow_storm-063.jpg,,,
snow_storm-065.jpg,snowy,./data\train\snowy\snow_storm-065.jpg,,,
snow_storm-066.jpg,snowy,./data\train\snowy\snow_storm-066.jpg,,,
snow_storm-067.jpg,snowy,./data\train\snowy\snow_storm-067.jpg,,,
snow_storm-068.jpg,snowy,./data\train\snowy\snow_storm-068.jpg,,,
snow_storm-069.jpg,snowy,./data\train\snowy\snow_storm-069.jpg,,,
snow_storm-070.jpg,snowy,./data\train\snowy\snow_storm-070.jpg,,,
snow_storm-071.jpg,snowy,./data\train\snowy\snow_storm-071.jpg,,,
snow_storm-072.jpg,snowy,./data\train\snowy\snow_storm-072.jpg,,,
snow_storm-073.jpg,snowy,./data\train\snowy\snow_storm-073.jpg,,,
snow_storm-074.jpg,snowy,./data\train\snowy\snow_storm-074.jpg,,,
snow_storm-075.jpg,snowy,./data\train\snowy\snow_storm-075.jpg,,,
snow_storm-076.jpg,snowy,./data\train\snowy\snow_storm-076.jpg,,,
snow_storm-077.jpg,snowy,./data\train\snowy\snow_storm-077.jpg,,,
snow_storm-078.jpg,snowy,./data\train\snowy\snow_storm-078.jpg,,,
snow_storm-079.jpg,snowy,./data\train\snowy\snow_storm-079.jpg,,,
snow_storm-082.jpg,snowy,./data\train\snowy\snow_storm-082.jpg,,,
snow_storm-083.jpg,snowy,./data\train\snowy\snow_storm-083.jpg,,,
snow_storm-085.jpg,snowy,./data\train\snowy\snow_storm-085.jpg,,,
snow_storm-086.jpg,snowy,./data\train\snowy\snow_storm-086.jpg,,,
snow_storm-087.jpg,snowy,./data\train\snowy\snow_storm-087.jpg,,,
snow_storm-088.jpg,snowy,./data\train\snowy\snow_storm-088.jpg,,,
snow_storm-089.jpg,snowy,./data\train\snowy\snow_storm-089.jpg,,,
snow_storm-090.jpg,snowy,./data\train\snowy\snow_storm-090.jpg,,,
snow_storm-091.jpg,snowy,./data\train\snowy\snow_storm-091.jpg,,,
snow_storm-092.jpg,snowy,./data\train\snowy\snow_storm-092.jpg,,,
snow_storm-093.jpg,snowy,./data\train\snowy\snow_storm-093.jpg,,,
snow_storm-094.jpg,snowy,./data\train\snowy\snow_storm-094.jpg,,,
snow_storm-095.jpg,snowy,./data\train\snowy\snow_storm-095.jpg,,,
snow_storm-096.jpg,snowy,./data\train\snowy\snow_storm-096.jpg,,,
snow_storm-097.jpg,snowy,./data\train\snowy\snow_storm-097.jpg,,,
snow_storm-103.jpg,snowy,./data\train\snowy\snow_storm-103.jpg,,,
snow_storm-105.jpg,snowy,./data\train\snowy\snow_storm-105.jpg,,,
snow_storm-107.jpg,snowy,./data\train\snowy\snow_storm-107.jpg,,,
snow_storm-109.jpg,snowy,./data\train\snowy\snow_storm-109.jpg,,,
snow_storm-113.jpg,snowy,./data\train\snowy\snow_storm-113.jpg,,,
snow_storm-115.jpg,snowy,./data\train\snowy\snow_storm-115.jpg,,,
snow_storm-117.jpg,snowy,./data\train\snowy\snow_storm-117.jpg,,,
snow_storm-119.jpg,snowy,./data\train\snowy\snow_storm-119.jpg,,,
snow_storm-121.jpg,snowy,./data\train\snowy\snow_storm-121.jpg,,,
snow_storm-125.jpg,snowy,./data\train\snowy\snow_storm-125.jpg,,,
snow_storm-129.jpg,snowy,./data\train\snowy\snow_storm-129.jpg,,,
snow_storm-131.jpg,snowy,./data\train\snowy\snow_storm-131.jpg,,,
snow_storm-133.jpg,snowy,./data\train\snowy\snow_storm-133.jpg,,,
snow_storm-135.jpg,snowy,./data\train\snowy\snow_storm-135.jpg,,,
snow_storm-137.jpg,snowy,./data\train\snowy\snow_storm-137.jpg,,,
snow_storm-139.jpg,snowy,./data\train\snowy\snow_storm-139.jpg,,,
snow_storm-141.jpg,snowy,./data\train\snowy\snow_storm-141.jpg,,,
snow_storm-143.jpg,snowy,./data\train\snowy\snow_storm-143.jpg,,,
snow_storm-145.jpg,snowy,./data\train\snowy\snow_storm-145.jpg,,,
snow_storm-147.jpg,snowy,./data\train\snowy\snow_storm-147.jpg,,,
snow_storm-151.jpg,snowy,./data\train\snowy\snow_storm-151.jpg,,,
snow_storm-158.jpg,snowy,./data\train\snowy\snow_storm-158.jpg,,,
snow_storm-160.jpg,snowy,./data\train\snowy\snow_storm-160.jpg,,,
snow_storm-166.jpg,snowy,./data\train\snowy\snow_storm-166.jpg,,,
snow_storm-168.jpg,snowy,./data\train\snowy\snow_storm-168.jpg,,,
snow_storm-170.jpg,snowy,./data\train\snowy\snow_storm-170.jpg,,,
snow_storm-172.jpg,snowy,./data\train\snowy\snow_storm-172.jpg,,,
snow_storm-176.jpg,snowy,./data\train\snowy\snow_storm-176.jpg,,,
snow_storm-178.jpg,snowy,./data\train\snowy\snow_storm-178.jpg,,,
snow_storm-184.jpg,snowy,./data\train\snowy\snow_storm-184.jpg,,,
snow_storm-186.jpg,snowy,./data\train\snowy\snow_storm-186.jpg,,,
snow_storm-188.jpg,snowy,./data\train\snowy\snow_storm-188.jpg,,,
snow_storm-190.jpg,snowy,./data\train\snowy\snow_storm-190.jpg,,,
snow_storm-200.jpg,snowy,./data\train\snowy\snow_storm-200.jpg,,,
snow_storm-204.jpg,snowy,./data\train\snowy\snow_storm-204.jpg,,,
snow_storm-206.jpg,snowy,./data\train\snowy\snow_storm-206.jpg,,,
snow_storm-215.jpg,snowy,./data\train\snowy\snow_storm-215.jpg,,,
snow_storm-217.jpg,snowy,./data\train\snowy\snow_storm-217.jpg,,,
snow_storm-219.jpg,snowy,./data\train\snowy\snow_storm-219.jpg,,,
snow_storm-221.jpg,snowy,./data\train\snowy\snow_storm-221.jpg,,,
snow_storm-223.jpg,snowy,./data\train\snowy\snow_storm-223.jpg,,,
snow_storm-225.jpg,snowy,./data\train\snowy\snow_storm-225.jpg,,,
snow_storm-227.jpg,snowy,./data\train\snowy\snow_storm-227.jpg,,,
snow_storm-229.jpg,snowy,./data\train\snowy\snow_storm-229.jpg,,,
snow_storm-235.jpg,snowy,./data\train\snowy\snow_storm-235.jpg,,,
snow_storm-237.jpg,snowy,./data\train\snowy\snow_storm-237.jpg,,,
snow_storm-239.jpg,snowy,./data\train\snowy\snow_storm-239.jpg,,,
snow_storm-241.jpg,snowy,./data\train\snowy\snow_storm-241.jpg,,,
snow_storm-245.jpg,snowy,./data\train\snowy\snow_storm-245.jpg,,,
snow_storm-247.jpg,snowy,./data\train\snowy\snow_storm-247.jpg,,,
snow_storm-251.jpg,snowy,./data\train\snowy\snow_storm-251.jpg,,,
snow_storm-253.jpg,snowy,./data\train\snowy\snow_storm-253.jpg,,,
snow_storm-255.jpg,snowy,./data\train\snowy\snow_storm-255.jpg,,,
snow_storm-257.jpg,snowy,./data\train\snowy\snow_storm-257.jpg,,,
snow_storm-261.jpg,snowy,./data\train\snowy\snow_storm-261.jpg,,,
snow_storm-263.jpg,snowy,./data\train\snowy\snow_storm-263.jpg,,,
snow_storm-265.jpg,snowy,./data\train\snowy\snow_storm-265.jpg,,,
snow_storm-267.jpg,snowy,./data\train\snowy\snow_storm-267.jpg,,,
snow_storm-269.jpg,snowy,./data\train\snowy\snow_storm-269.jpg,,,
snow_storm-271.jpg,snowy,./data\train\snowy\snow_storm-271.jpg,,,
snow_storm-273.jpg,snowy,./data\train\snowy\snow_storm-273.jpg,,,
snow_storm-279.jpg,snowy,./data\train\snowy\snow_storm-279.jpg,,,
snow_storm-285.jpg,snowy,./data\train\snowy\snow_storm-285.jpg,,,
snow_storm-289.jpg,snowy,./data\train\snowy\snow_storm-289.jpg,,,
snow_storm-291.jpg,snowy,./data\train\snowy\snow_storm-291.jpg,,,
snow_storm-293.jpg,snowy,./data\train\snowy\snow_storm-293.jpg,,,
snow_storm-295.jpg,snowy,./data\train\snowy\snow_storm-295.jpg,,,
snow_storm-297.jpg,snowy,./data\train\snowy\snow_storm-297.jpg,,,
snow_storm-299.jpg,snowy,./data\train\snowy\snow_storm-299.jpg,,,
snow_storm-303.jpg,snowy,./data\train\snowy\snow_storm-303.jpg,,,
snow_storm-305.jpg,snowy,./data\train\snowy\snow_storm-305.jpg,,,
snow_storm-307.jpg,snowy,./data\train\snowy\snow_storm-307.jpg,,,
snow_storm-309.jpg,snowy,./data\train\snowy\snow_storm-309.jpg,,,
snow_storm-311.jpg,snowy,./data\train\snowy\snow_storm-311.jpg,,,
snow_storm-313.jpg,snowy,./data\train\snowy\snow_storm-313.jpg,,,
snow_storm-317.jpg,snowy,./data\train\snowy\snow_storm-317.jpg,,,
snow_storm-325.jpg,snowy,./data\train\snowy\snow_storm-325.jpg,,,
snow_storm-327.jpg,snowy,./data\train\snowy\snow_storm-327.jpg,,,
snow_storm-329.jpg,snowy,./data\train\snowy\snow_storm-329.jpg,,,
snow_storm-333.jpg,snowy,./data\train\snowy\snow_storm-333.jpg,,,
snow_storm-335.jpg,snowy,./data\train\snowy\snow_storm-335.jpg,,,
snow_storm-337.jpg,snowy,./data\train\snowy\snow_storm-337.jpg,,,
snow_storm-339.jpg,snowy,./data\train\snowy\snow_storm-339.jpg,,,
snow_storm-343.jpg,snowy,./data\train\snowy\snow_storm-343.jpg,,,
snow_storm-347.jpg,snowy,./data\train\snowy\snow_storm-347.jpg,,,
snow_storm-349.jpg,snowy,./data\train\snowy\snow_storm-349.jpg,,,
snow_storm-352.jpg,snowy,./data\train\snowy\snow_storm-352.jpg,,,
snow_storm-354.jpg,snowy,./data\train\snowy\snow_storm-354.jpg,,,
snow_storm-356.jpg,snowy,./data\train\snowy\snow_storm-356.jpg,,,
snow_storm-360.jpg,snowy,./data\train\snowy\snow_storm-360.jpg,,,
snow_storm-362.jpg,snowy,./data\train\snowy\snow_storm-362.jpg,,,
snow_storm-368.jpg,snowy,./data\train\snowy\snow_storm-368.jpg,,,
snow_storm-370.jpg,snowy,./data\train\snowy\snow_storm-370.jpg,,,
snow_storm-372.jpg,snowy,./data\train\snowy\snow_storm-372.jpg,,,
snow_storm-374.jpg,snowy,./data\train\snowy\snow_storm-374.jpg,,,
snow_storm-376.jpg,snowy,./data\train\snowy\snow_storm-376.jpg,,,
dusttornado-001.jpg,sunny,./data\train\sunny\dusttornado-001.jpg,,,
dusttornado-002.jpg,sunny,./data\train\sunny\dusttornado-002.jpg,,,
dusttornado-003.jpg,sunny,./data\train\sunny\dusttornado-003.jpg,,,
dusttornado-004.jpg,sunny,./data\train\sunny\dusttornado-004.jpg,,,
dusttornado-006.jpg,sunny,./data\train\sunny\dusttornado-006.jpg,,,
dusttornado-007.jpg,sunny,./data\train\sunny\dusttornado-007.jpg,,,
dusttornado-008.jpg,sunny,./data\train\sunny\dusttornado-008.jpg,,,
dusttornado-010.jpg,sunny,./data\train\sunny\dusttornado-010.jpg,,,
dusttornado-012.jpg,sunny,./data\train\sunny\dusttornado-012.jpg,,,
dusttornado-013.jpg,sunny,./data\train\sunny\dusttornado-013.jpg,,,
dusttornado-015.jpg,sunny,./data\train\sunny\dusttornado-015.jpg,,,
dusttornado-016.jpg,sunny,./data\train\sunny\dusttornado-016.jpg,,,
dusttornado-017.jpg,sunny,./data\train\sunny\dusttornado-017.jpg,,,
dusttornado-018.jpg,sunny,./data\train\sunny\dusttornado-018.jpg,,,
dusttornado-019.jpg,sunny,./data\train\sunny\dusttornado-019.jpg,,,
dusttornado-022.jpg,sunny,./data\train\sunny\dusttornado-022.jpg,,,
dusttornado-023.jpg,sunny,./data\train\sunny\dusttornado-023.jpg,,,
dusttornado-024.jpg,sunny,./data\train\sunny\dusttornado-024.jpg,,,
dusttornado-025.jpg,sunny,./data\train\sunny\dusttornado-025.jpg,,,
dusttornado-026.jpg,sunny,./data\train\sunny\dusttornado-026.jpg,,,
dusttornado-029.jpg,sunny,./data\train\sunny\dusttornado-029.jpg,,,
dusttornado-031.jpg,sunny,./data\train\sunny\dusttornado-031.jpg,,,
dusttornado-032.jpg,sunny,./data\train\sunny\dusttornado-032.jpg,,,
dusttornado-034.jpg,sunny,./data\train\sunny\dusttornado-034.jpg,,,
dusttornado-035.jpg,sunny,./data\train\sunny\dusttornado-035.jpg,,,
dusttornado-036.jpg,sunny,./data\train\sunny\dusttornado-036.jpg,,,
dusttornado-909.jpg,sunny,./data\train\sunny\dusttornado-909.jpg,,,
dusttornado-937.jpg,sunny,./data\train\sunny\dusttornado-937.jpg,,,
sand_storm-002.jpg,sunny,./data\train\sunny\sand_storm-002.jpg,,,
sand_storm-004.jpg,sunny,./data\train\sunny\sand_storm-004.jpg,,,
sand_storm-006.jpg,sunny,./data\train\sunny\sand_storm-006.jpg,,,
sand_storm-008.jpg,sunny,./data\train\sunny\sand_storm-008.jpg,,,
sand_storm-009.jpg,sunny,./data\train\sunny\sand_storm-009.jpg,,,
sand_storm-010.jpg,sunny,./data\train\sunny\sand_storm-010.jpg,,,
sand_storm-012.jpg,sunny,./data\train\sunny\sand_storm-012.jpg,,,
sand_storm-014.jpg,sunny,./data\train\sunny\sand_storm-014.jpg,,,
sand_storm-016.jpg,sunny,./data\train\sunny\sand_storm-016.jpg,,,
sand_storm-019.jpg,sunny,./data\train\sunny\sand_storm-019.jpg,,,
sand_storm-020.jpg,sunny,./data\train\sunny\sand_storm-020.jpg,,,
sand_storm-021.jpg,sunny,./data\train\sunny\sand_storm-021.jpg,,,
sand_storm-024.jpg,sunny,./data\train\sunny\sand_storm-024.jpg,,,
sand_storm-027.jpg,sunny,./data\train\sunny\sand_storm-027.jpg,,,
sand_storm-030.jpg,sunny,./data\train\sunny\sand_storm-030.jpg,,,
sand_storm-031.jpg,sunny,./data\train\sunny\sand_storm-031.jpg,,,
sand_storm-032.jpg,sunny,./data\train\sunny\sand_storm-032.jpg,,,
sand_storm-036.jpg,sunny,./data\train\sunny\sand_storm-036.jpg,,,
sand_storm-040.jpg,sunny,./data\train\sunny\sand_storm-040.jpg,,,
sand_storm-042.jpg,sunny,./data\train\sunny\sand_storm-042.jpg,,,
sand_storm-043.jpg,sunny,./data\train\sunny\sand_storm-043.jpg,,,
sand_storm-044.jpg,sunny,./data\train\sunny\sand_storm-044.jpg,,,
sand_storm-046.jpg,sunny,./data\train\sunny\sand_storm-046.jpg,,,
sand_storm-048.jpg,sunny,./data\train\sunny\sand_storm-048.jpg,,,
sand_storm-055.jpg,sunny,./data\train\sunny\sand_storm-055.jpg,,,
sand_storm-057.jpg,sunny,./data\train\sunny\sand_storm-057.jpg,,,
sand_storm-062.jpg,sunny,./data\train\sunny\sand_storm-062.jpg,,,
sand_storm-065.jpg,sunny,./data\train\sunny\sand_storm-065.jpg,,,
sand_storm-068.jpg,sunny,./data\train\sunny\sand_storm-068.jpg,,,
sand_storm-070.jpg,sunny,./data\train\sunny\sand_storm-070.jpg,,,
sand_storm-073.jpg,sunny,./data\train\sunny\sand_storm-073.jpg,,,
sand_storm-075.jpg,sunny,./data\train\sunny\sand_storm-075.jpg,,,
sand_storm-076.jpg,sunny,./data\train\sunny\sand_storm-076.jpg,,,
sand_storm-077.jpg,sunny,./data\train\sunny\sand_storm-077.jpg,,,
sand_storm-082.jpg,sunny,./data\train\sunny\sand_storm-082.jpg,,,
sand_storm-084.jpg,sunny,./data\train\sunny\sand_storm-084.jpg,,,
sand_storm-086.jpg,sunny,./data\train\sunny\sand_storm-086.jpg,,,
sand_storm-089.jpg,sunny,./data\train\sunny\sand_storm-089.jpg,,,
sand_storm-094.jpg,sunny,./data\train\sunny\sand_storm-094.jpg,,,
sand_storm-096.jpg,sunny,./data\train\sunny\sand_storm-096.jpg,,,
sand_storm-100.jpg,sunny,./data\train\sunny\sand_storm-100.jpg,,,
sand_storm-103.jpg,sunny,./data\train\sunny\sand_storm-103.jpg,,,
sand_storm-107.jpg,sunny,./data\train\sunny\sand_storm-107.jpg,,,
sand_storm-108.jpg,sunny,./data\train\sunny\sand_storm-108.jpg,,,
sand_storm-119.jpg,sunny,./data\train\sunny\sand_storm-119.jpg,,,
sand_storm-122.jpg,sunny,./data\train\sunny\sand_storm-122.jpg,,,
sand_storm-123.jpg,sunny,./data\train\sunny\sand_storm-123.jpg,,,
sand_storm-127.jpg,sunny,./data\train\sunny\sand_storm-127.jpg,,,
sand_storm-129.jpg,sunny,./data\train\sunny\sand_storm-129.jpg,,,
sand_storm-130.jpg,sunny,./data\train\sunny\sand_storm-130.jpg,,,
sand_storm-133.jpg,sunny,./data\train\sunny\sand_storm-133.jpg,,,
sand_storm-138.jpg,sunny,./data\train\sunny\sand_storm-138.jpg,,,
sand_storm-139.jpg,sunny,./data\train\sunny\sand_storm-139.jpg,,,
sand_storm-140.jpg,sunny,./data\train\sunny\sand_storm-140.jpg,,,
sand_storm-146.jpg,sunny,./data\train\sunny\sand_storm-146.jpg,,,
sand_storm-148.jpg,sunny,./data\train\sunny\sand_storm-148.jpg,,,
sand_storm-150.jpg,sunny,./data\train\sunny\sand_storm-150.jpg,,,
sand_storm-151.jpg,sunny,./data\train\sunny\sand_storm-151.jpg,,,
sand_storm-152.jpg,sunny,./data\train\sunny\sand_storm-152.jpg,,,
sand_storm-154.jpg,sunny,./data\train\sunny\sand_storm-154.jpg,,,
sand_storm-155.jpg,sunny,./data\train\sunny\sand_storm-155.jpg,,,
sand_storm-157.jpg,sunny,./data\train\sunny\sand_storm-157.jpg,,,
sand_storm-159.jpg,sunny,./data\train\sunny\sand_storm-159.jpg,,,
sand_storm-161.jpg,sunny,./data\train\sunny\sand_storm-161.jpg,,,
sand_storm-163.jpg,sunny,./data\train\sunny\sand_storm-163.jpg,,,
sand_storm-165.jpg,sunny,./data\train\sunny\sand_storm-165.jpg,,,
sand_storm-166.jpg,sunny,./data\train\sunny\sand_storm-166.jpg,,,
sand_storm-167.jpg,sunny,./data\train\sunny\sand_storm-167.jpg,,,
sand_storm-168.jpg,sunny,./data\train\sunny\sand_storm-168.jpg,,,
sand_storm-170.jpg,sunny,./data\train\sunny\sand_storm-170.jpg,,,
sand_storm-175.jpg,sunny,./data\train\sunny\sand_storm-175.jpg,,,
sand_storm-177.jpg,sunny,./data\train\sunny\sand_storm-177.jpg,,,
sand_storm-178.jpg,sunny,./data\train\sunny\sand_storm-178.jpg,,,
sand_storm-184.jpg,sunny,./data\train\sunny\sand_storm-184.jpg,,,
sand_storm-187.jpg,sunny,./data\train\sunny\sand_storm-187.jpg,,,
sand_storm-192.jpg,sunny,./data\train\sunny\sand_storm-192.jpg,,,
sand_storm-194.jpg,sunny,./data\train\sunny\sand_storm-194.jpg,,,
sand_storm-197.jpg,sunny,./data\train\sunny\sand_storm-197.jpg,,,
sand_storm-199.jpg,sunny,./data\train\sunny\sand_storm-199.jpg,,,
sand_storm-204.jpg,sunny,./data\train\sunny\sand_storm-204.jpg,,,
sand_storm-206.jpg,sunny,./data\train\sunny\sand_storm-206.jpg,,,
sand_storm-209.jpg,sunny,./data\train\sunny\sand_storm-209.jpg,,,
sand_storm-210.jpg,sunny,./data\train\sunny\sand_storm-210.jpg,,,
sand_storm-211.jpg,sunny,./data\train\sunny\sand_storm-211.jpg,,,
sand_storm-212.jpg,sunny,./data\train\sunny\sand_storm-212.jpg,,,
sand_storm-213.jpg,sunny,./data\train\sunny\sand_storm-213.jpg,,,
sand_storm-214.jpg,sunny,./data\train\sunny\sand_storm-214.jpg,,,
sand_storm-218.jpg,sunny,./data\train\sunny\sand_storm-218.jpg,,,
sand_storm-219.jpg,sunny,./data\train\sunny\sand_storm-219.jpg,,,
sand_storm-221.jpg,sunny,./data\train\sunny\sand_storm-221.jpg,,,
sand_storm-225.jpg,sunny,./data\train\sunny\sand_storm-225.jpg,,,
sand_storm-226.jpg,sunny,./data\train\sunny\sand_storm-226.jpg,,,
sand_storm-228.jpg,sunny,./data\train\sunny\sand_storm-228.jpg,,,
sand_storm-229.jpg,sunny,./data\train\sunny\sand_storm-229.jpg,,,
sand_storm-232.jpg,sunny,./data\train\sunny\sand_storm-232.jpg,,,
sand_storm-234.jpg,sunny,./data\train\sunny\sand_storm-234.jpg,,,
sand_storm-236.jpg,sunny,./data\train\sunny\sand_storm-236.jpg,,,
sand_storm-237.jpg,sunny,./data\train\sunny\sand_storm-237.jpg,,,
sand_storm-239.jpg,sunny,./data\train\sunny\sand_storm-239.jpg,,,
sand_storm-241.jpg,sunny,./data\train\sunny\sand_storm-241.jpg,,,
sand_storm-242.jpg,sunny,./data\train\sunny\sand_storm-242.jpg,,,
sand_storm-244.jpg,sunny,./data\train\sunny\sand_storm-244.jpg,,,
sand_storm-245.jpg,sunny,./data\train\sunny\sand_storm-245.jpg,,,
sand_storm-246.jpg,sunny,./data\train\sunny\sand_storm-246.jpg,,,
sand_storm-247.jpg,sunny,./data\train\sunny\sand_storm-247.jpg,,,
sand_storm-249.jpg,sunny,./data\train\sunny\sand_storm-249.jpg,,,
sand_storm-251.jpg,sunny,./data\train\sunny\sand_storm-251.jpg,,,
sand_storm-252.jpg,sunny,./data\train\sunny\sand_storm-252.jpg,,,
sand_storm-253.jpg,sunny,./data\train\sunny\sand_storm-253.jpg,,,
sand_storm-256.jpg,sunny,./data\train\sunny\sand_storm-256.jpg,,,
sand_storm-257.jpg,sunny,./data\train\sunny\sand_storm-257.jpg,,,
sand_storm-260.jpg,sunny,./data\train\sunny\sand_storm-260.jpg,,,
sand_storm-262.jpg,sunny,./data\train\sunny\sand_storm-262.jpg,,,
sand_storm-264.jpg,sunny,./data\train\sunny\sand_storm-264.jpg,,,
sand_storm-266.jpg,sunny,./data\train\sunny\sand_storm-266.jpg,,,
sand_storm-267.jpg,sunny,./data\train\sunny\sand_storm-267.jpg,,,
sand_storm-269.jpg,sunny,./data\train\sunny\sand_storm-269.jpg,,,
sand_storm-271.jpg,sunny,./data\train\sunny\sand_storm-271.jpg,,,
sand_storm-273.jpg,sunny,./data\train\sunny\sand_storm-273.jpg,,,
sand_storm-274.jpg,sunny,./data\train\sunny\sand_storm-274.jpg,,,
sand_storm-276.jpg,sunny,./data\train\sunny\sand_storm-276.jpg,,,
sand_storm-278.jpg,sunny,./data\train\sunny\sand_storm-278.jpg,,,
sand_storm-279.jpg,sunny,./data\train\sunny\sand_storm-279.jpg,,,
sand_storm-281.jpg,sunny,./data\train\sunny\sand_storm-281.jpg,,,
sand_storm-283.jpg,sunny,./data\train\sunny\sand_storm-283.jpg,,,
sand_storm-285.jpg,sunny,./data\train\sunny\sand_storm-285.jpg,,,
sand_storm-286.jpg,sunny,./data\train\sunny\sand_storm-286.jpg,,,
sand_storm-288.jpg,sunny,./data\train\sunny\sand_storm-288.jpg,,,
sand_storm-294.jpg,sunny,./data\train\sunny\sand_storm-294.jpg,,,
sand_storm-295.jpg,sunny,./data\train\sunny\sand_storm-295.jpg,,,
sand_storm-296.jpg,sunny,./data\train\sunny\sand_storm-296.jpg,,,
sand_storm-297.jpg,sunny,./data\train\sunny\sand_storm-297.jpg,,,
sand_storm-298.jpg,sunny,./data\train\sunny\sand_storm-298.jpg,,,
sand_storm-300.jpg,sunny,./data\train\sunny\sand_storm-300.jpg,,,
sand_storm-304.jpg,sunny,./data\train\sunny\sand_storm-304.jpg,,,
sand_storm-306.jpg,sunny,./data\train\sunny\sand_storm-306.jpg,,,
sand_storm-307.jpg,sunny,./data\train\sunny\sand_storm-307.jpg,,,
sand_storm-318.jpg,sunny,./data\train\sunny\sand_storm-318.jpg,,,
sand_storm-319.jpg,sunny,./data\train\sunny\sand_storm-319.jpg,,,
sand_storm-320.jpg,sunny,./data\train\sunny\sand_storm-320.jpg,,,
sand_storm-322.jpg,sunny,./data\train\sunny\sand_storm-322.jpg,,,
sand_storm-324.jpg,sunny,./data\train\sunny\sand_storm-324.jpg,,,
sand_storm-328.jpg,sunny,./data\train\sunny\sand_storm-328.jpg,,,
sand_storm-329.jpg,sunny,./data\train\sunny\sand_storm-329.jpg,,,
sand_storm-331.jpg,sunny,./data\train\sunny\sand_storm-331.jpg,,,
sand_storm-332.jpg,sunny,./data\train\sunny\sand_storm-332.jpg,,,
sand_storm-334.jpg,sunny,./data\train\sunny\sand_storm-334.jpg,,,
sand_storm-337.jpg,sunny,./data\train\sunny\sand_storm-337.jpg,,,
sand_storm-339.jpg,sunny,./data\train\sunny\sand_storm-339.jpg,,,
sand_storm-343.jpg,sunny,./data\train\sunny\sand_storm-343.jpg,,,
sand_storm-345.jpg,sunny,./data\train\sunny\sand_storm-345.jpg,,,
sand_storm-346.jpg,sunny,./data\train\sunny\sand_storm-346.jpg,,,
sand_storm-348.jpg,sunny,./data\train\sunny\sand_storm-348.jpg,,,
sand_storm-349.jpg,sunny,./data\train\sunny\sand_storm-349.jpg,,,
sand_storm-353.jpg,sunny,./data\train\sunny\sand_storm-353.jpg,,,
sand_storm-355.jpg,sunny,./data\train\sunny\sand_storm-355.jpg,,,
sand_storm-357.jpg,sunny,./data\train\sunny\sand_storm-357.jpg,,,
sand_storm-358.jpg,sunny,./data\train\sunny\sand_storm-358.jpg,,,
sand_storm-359.jpg,sunny,./data\train\sunny\sand_storm-359.jpg,,,
sand_storm-363.jpg,sunny,./data\train\sunny\sand_storm-363.jpg,,,
sand_storm-365.jpg,sunny,./data\train\sunny\sand_storm-365.jpg,,,
sand_storm-367.jpg,sunny,./data\train\sunny\sand_storm-367.jpg,,,
sand_storm-368.jpg,sunny,./data\train\sunny\sand_storm-368.jpg,,,
sand_storm-370.jpg,sunny,./data\train\sunny\sand_storm-370.jpg,,,
sand_storm-379.jpg,sunny,./data\train\sunny\sand_storm-379.jpg,,,
sand_storm-381.jpg,sunny,./data\train\sunny\sand_storm-381.jpg,,,
sand_storm-382.jpg,sunny,./data\train\sunny\sand_storm-382.jpg,,,
sand_storm-384.jpg,sunny,./data\train\sunny\sand_storm-384.jpg,,,
sand_storm-386.jpg,sunny,./data\train\sunny\sand_storm-386.jpg,,,
sand_storm-388.jpg,sunny,./data\train\sunny\sand_storm-388.jpg,,,
sand_storm-802.jpg,sunny,./data\train\sunny\sand_storm-802.jpg,,,
sand_storm-835.jpg,sunny,./data\train\sunny\sand_storm-835.jpg,,,
sand_storm-901.jpg,sunny,./data\train\sunny\sand_storm-901.jpg,,,
sand_storm-902.jpg,sunny,./data\train\sunny\sand_storm-902.jpg,,,
sand_storm-911.jpg,sunny,./data\train\sunny\sand_storm-911.jpg,,,
sand_storm-913.jpg,sunny,./data\train\sunny\sand_storm-913.jpg,,,
sand_storm-923.jpg,sunny,./data\train\sunny\sand_storm-923.jpg,,,
sand_storm-924.jpg,sunny,./data\train\sunny\sand_storm-924.jpg,,,
sand_storm-928.jpg,sunny,./data\train\sunny\sand_storm-928.jpg,,,
sand_storm-932.jpg,sunny,./data\train\sunny\sand_storm-932.jpg,,,
sand_storm-935.jpg,sunny,./data\train\sunny\sand_storm-935.jpg,,,
sand_storm-936.jpg,sunny,./data\train\sunny\sand_storm-936.jpg,,,
sand_storm-943.jpg,sunny,./data\train\sunny\sand_storm-943.jpg,,,
sand_storm-953.jpg,sunny,./data\train\sunny\sand_storm-953.jpg,,,
sand_storm-961.jpg,sunny,./data\train\sunny\sand_storm-961.jpg,,,
sand_storm-978.jpg,sunny,./data\train\sunny\sand_storm-978.jpg,,,
sand_storm-991.jpg,sunny,./data\train\sunny\sand_storm-991.jpg,,,
sand_storm-999.jpg,sunny,./data\train\sunny\sand_storm-999.jpg,,,
sand_storm_g2_-001.jpg,sunny,./data\train\sunny\sand_storm_g2_-001.jpg,,,
sand_storm_g2_-003.jpg,sunny,./data\train\sunny\sand_storm_g2_-003.jpg,,,
sand_storm_g2_-004.jpg,sunny,./data\train\sunny\sand_storm_g2_-004.jpg,,,
sand_storm_g2_-005.jpg,sunny,./data\train\sunny\sand_storm_g2_-005.jpg,,,
sand_storm_g2_-006.jpg,sunny,./data\train\sunny\sand_storm_g2_-006.jpg,,,
sand_storm_g2_-007.jpg,sunny,./data\train\sunny\sand_storm_g2_-007.jpg,,,
sand_storm_g2_-008.jpg,sunny,./data\train\sunny\sand_storm_g2_-008.jpg,,,
sand_storm_g2_-009.jpg,sunny,./data\train\sunny\sand_storm_g2_-009.jpg,,,
sand_storm_g2_-010.jpg,sunny,./data\train\sunny\sand_storm_g2_-010.jpg,,,
sand_storm_g2_-015.jpg,sunny,./data\train\sunny\sand_storm_g2_-015.jpg,,,
sand_storm_g2_-016.jpg,sunny,./data\train\sunny\sand_storm_g2_-016.jpg,,,
sand_storm_g2_-019.jpg,sunny,./data\train\sunny\sand_storm_g2_-019.jpg,,,
sand_storm_g2_-022.jpg,sunny,./data\train\sunny\sand_storm_g2_-022.jpg,,,
sand_storm_g2_-024.jpg,sunny,./data\train\sunny\sand_storm_g2_-024.jpg,,,
sand_storm_g2_-027.jpg,sunny,./data\train\sunny\sand_storm_g2_-027.jpg,,,
sand_storm_g2_-029.jpg,sunny,./data\train\sunny\sand_storm_g2_-029.jpg,,,
sand_storm_g2_-031.jpg,sunny,./data\train\sunny\sand_storm_g2_-031.jpg,,,
sand_storm_g2_-033.jpg,sunny,./data\train\sunny\sand_storm_g2_-033.jpg,,,
sand_storm_g2_-035.jpg,sunny,./data\train\sunny\sand_storm_g2_-035.jpg,,,
sand_storm_g2_-041.jpg,sunny,./data\train\sunny\sand_storm_g2_-041.jpg,,,
sand_storm_g2_-044.jpg,sunny,./data\train\sunny\sand_storm_g2_-044.jpg,,,
sand_storm_g2_-045.jpg,sunny,./data\train\sunny\sand_storm_g2_-045.jpg,,,
sand_storm_g2_-053.jpg,sunny,./data\train\sunny\sand_storm_g2_-053.jpg,,,
sand_storm_g2_-056.jpg,sunny,./data\train\sunny\sand_storm_g2_-056.jpg,,,
sand_storm_g2_-063.jpg,sunny,./data\train\sunny\sand_storm_g2_-063.jpg,,,
sand_storm_g2_-064.jpg,sunny,./data\train\sunny\sand_storm_g2_-064.jpg,,,
sand_storm_g2_-065.jpg,sunny,./data\train\sunny\sand_storm_g2_-065.jpg,,,
sand_storm_g2_-066.jpg,sunny,./data\train\sunny\sand_storm_g2_-066.jpg,,,
sand_storm_g2_-067.jpg,sunny,./data\train\sunny\sand_storm_g2_-067.jpg,,,
sand_storm_g2_-070.jpg,sunny,./data\train\sunny\sand_storm_g2_-070.jpg,,,
sand_storm_g2_-071.jpg,sunny,./data\train\sunny\sand_storm_g2_-071.jpg,,,
sand_storm_g2_-073.jpg,sunny,./data\train\sunny\sand_storm_g2_-073.jpg,,,
sand_storm_g2_-075.jpg,sunny,./data\train\sunny\sand_storm_g2_-075.jpg,,,
sand_storm_g2_-080.jpg,sunny,./data\train\sunny\sand_storm_g2_-080.jpg,,,
sand_storm_g2_-084.jpg,sunny,./data\train\sunny\sand_storm_g2_-084.jpg,,,
sand_storm_g2_-085.jpg,sunny,./data\train\sunny\sand_storm_g2_-085.jpg,,,
sand_storm_g2_-086.jpg,sunny,./data\train\sunny\sand_storm_g2_-086.jpg,,,
sand_storm_g2_-087.jpg,sunny,./data\train\sunny\sand_storm_g2_-087.jpg,,,
sand_storm_g2_-089.jpg,sunny,./data\train\sunny\sand_storm_g2_-089.jpg,,,
sand_storm_g2_-090.jpg,sunny,./data\train\sunny\sand_storm_g2_-090.jpg,,,
sand_storm_g2_-091.jpg,sunny,./data\train\sunny\sand_storm_g2_-091.jpg,,,
sand_storm_g2_-092.jpg,sunny,./data\train\sunny\sand_storm_g2_-092.jpg,,,
sand_storm_g2_-932.jpg,sunny,./data\train\sunny\sand_storm_g2_-932.jpg,,,
